subreddit,type,id,subreddit_name,title,text,author_id,created_utc,score,upvote_ratio,blank,permalink
r/AnarchyChess,Submissions,zqrwis,t5_2yvry,Hans Niemann‚Äôs ex-girlfriend to testify against him; claims to have assisted Hans in inserting anal beads,,ev1ak,2022-12-20 15:53:32,1039,0.98, ,/r/AnarchyChess/comments/zqrwis/hans_niemanns_exgirlfriend_to_testify_against_him/
r/AnarchyChess,Submissions,11dwkz3,t5_2yvry,What do I do in this position? Hans Niemann is black btw,,5edepv5ul,2023-02-28 04:16:20,658,1.0, ,/r/AnarchyChess/comments/11dwkz3/what_do_i_do_in_this_position_hans_niemann_is/
r/AnarchyChess,Submissions,zojjmb,t5_2yvry,Hans Niemann arrested by Jamaican police,,3dz89uo,2022-12-17 23:28:39,10339,0.98, ,/r/AnarchyChess/comments/zojjmb/hans_niemann_arrested_by_jamaican_police/
r/AnarchyChess,Submissions,119gb4w,t5_2yvry,Hans Niemann on his Prep,,7uaomqax,2023-02-22 22:39:59,53,0.97, ,/r/AnarchyChess/comments/119gb4w/hans_niemann_on_his_prep/
r/AnarchyChess,Submissions,10mttws,t5_2yvry,"BREAKING NEWS: Hans Niemann‚Äôs cheating device was found after a recent game, here is the model he used if y‚Äôall wanna get good at chess",,vbvxu0ok,2023-01-27 19:36:06,362,0.99, ,/r/AnarchyChess/comments/10mttws/breaking_news_hans_niemanns_cheating_device_was/
r/AnarchyChess,Submissions,11dkshn,t5_2yvry,Guys I matched against freaking Hans Niemann but his bishop is missing from the start. WHERE IS THE BISHOP HANS??,,joait,2023-02-27 19:42:45,35,1.0, ,/r/AnarchyChess/comments/11dkshn/guys_i_matched_against_freaking_hans_niemann_but/
r/AnarchyChess,Submissions,10alm8k,t5_2yvry,Google Hans Niemann,,u17jfnvb,2023-01-13 04:54:11,433,0.99, ,/r/AnarchyChess/comments/10alm8k/google_hans_niemann/
r/AnarchyChess,Submissions,1126ph0,t5_2yvry,Hans Niemann AMA,,dwehrmu8,2023-02-14 14:29:53,9,0.91, ,/r/AnarchyChess/comments/1126ph0/hans_niemann_ama/
r/AnarchyChess,Submissions,y9exih,t5_2yvry,Chess.c*m added a Hans Niemann bot!!,,1m0n3im8,2022-10-21 00:35:47,9683,0.98, ,/r/AnarchyChess/comments/y9exih/chesscm_added_a_hans_niemann_bot/
r/AnarchyChess,Submissions,x8i09x,t5_2yvry,How Hans cheated. A mirror on the ceiling so he could see his opponents moves.,,fllsoza,2022-09-07 22:05:28,51909,0.99, ,/r/AnarchyChess/comments/x8i09x/how_hans_cheated_a_mirror_on_the_ceiling_so_he/
r/AnarchyChess,Submissions,10nmnmq,t5_2yvry,My ass was full so I made Hans Niemann‚Äôs device as a shoe insole!,,3pp4saqb,2023-01-28 19:02:45,115,0.99, ,/r/AnarchyChess/comments/10nmnmq/my_ass_was_full_so_i_made_hans_niemanns_device_as/
r/AnarchyChess,Submissions,10zb0bb,t5_2yvry,Hans Carlsen moment,,qghu5lbr,2023-02-11 03:28:41,63,0.94, ,/r/AnarchyChess/comments/10zb0bb/hans_carlsen_moment/
r/AnarchyChess,Submissions,xsfh7w,t5_2yvry,New Response just dropped‚Ä¶ from Ben Finegold‚Ä¶ I mean‚Ä¶ Hans Niemann,,edij3asf,2022-09-30 23:09:04,6466,0.97, ,/r/AnarchyChess/comments/xsfh7w/new_response_just_dropped_from_ben_finegold_i/
r/AnarchyChess,Submissions,xwd8my,t5_2yvry,Make this comment section look like Hans Niemann's search history,,7zt8zy67,2022-10-05 15:12:34,2569,0.99, ,/r/AnarchyChess/comments/xwd8my/make_this_comment_section_look_like_hans_niemanns/
r/AnarchyChess,Submissions,xx2sx5,t5_2yvry,HOW DID NOONE NOTICE THIS??? Hans brought his phone to the game! The engine is not inside his banana you idiots,,6c9cfy0d,2022-10-06 11:22:43,7063,0.98, ,/r/AnarchyChess/comments/xx2sx5/how_did_noone_notice_this_hans_brought_his_phone/
r/AnarchyChess,Submissions,xoz8wr,t5_2yvry,Hans makes a statement,,icrpgeqf,2022-09-26 23:14:28,5507,0.99, ,/r/AnarchyChess/comments/xoz8wr/hans_makes_a_statement/
r/AnarchyChess,Submissions,xotklz,t5_2yvry,Magnus Carlsen Accuses Hans of Cheating,,nubko,2022-09-26 19:44:21,1875,0.99, ,/r/AnarchyChess/comments/xotklz/magnus_carlsen_accuses_hans_of_cheating/
r/AnarchyChess,Submissions,1106wx3,t5_2yvry,Hans Niememe,,15oxxo,2023-02-12 04:23:00,42,1.0, ,/r/AnarchyChess/comments/1106wx3/hans_niememe/
r/AnarchyChess,Submissions,yakgap,t5_2yvry,BREAKING NEWS!!!!! Magnus Carlsen calls Saul Goodman after being threated by Hans Niemann with a lawsuit.,,gamu8t4c,2022-10-22 10:42:44,3978,0.98, ,/r/AnarchyChess/comments/yakgap/breaking_news_magnus_carlsen_calls_saul_goodman/
r/AnarchyChess,Submissions,y9xwlh,t5_2yvry,Introducing a new piece: Hans Niemann's lawsuit. It doesn't go anywhere.,,cf3tprc,2022-10-21 16:22:45,4490,1.0, ,/r/AnarchyChess/comments/y9xwlh/introducing_a_new_piece_hans_niemanns_lawsuit_it/
r/AnarchyChess,Submissions,xvd6ef,t5_2yvry,So I made a prototype of the Hans Niemann Chess Engine. Thoughts?,,f86zt,2022-10-04 11:57:30,3643,1.0, ,/r/AnarchyChess/comments/xvd6ef/so_i_made_a_prototype_of_the_hans_niemann_chess/
r/AnarchyChess,Submissions,zxu0rs,t5_2yvry,Hans Niemann blunders mate in 1 against 1234 rated player. White to play and win in 1 move brilliancy.,,24f01e,2022-12-29 03:12:46,45,0.91, ,/r/AnarchyChess/comments/zxu0rs/hans_niemann_blunders_mate_in_1_against_1234/
r/AnarchyChess,Submissions,1151dyd,t5_2yvry,tiktok chess audience discussing Hans' title(they can't use Google),,6b0u40om,2023-02-17 23:51:15,5,0.86, ,/r/AnarchyChess/comments/1151dyd/tiktok_chess_audience_discussing_hans_titlethey/
r/AnarchyChess,Submissions,xiifit,t5_2yvry,Magnus Resigning Move 1 Vs. Hans,,q41bkoyu,2022-09-19 17:13:04,3438,1.0, ,/r/AnarchyChess/comments/xiifit/magnus_resigning_move_1_vs_hans/
r/AnarchyChess,Submissions,xqfu2m,t5_2yvry,"One of these images is of Hans Niemann, one is of a top super-GM. Which is which? If one of these images indicate a player who is ""not tense or fully concentrating in critical positions"", explain why. Names will be revealed in 12 hours.",,4dzyz,2022-09-28 15:33:49,2826,0.98, ,/r/AnarchyChess/comments/xqfu2m/one_of_these_images_is_of_hans_niemann_one_is_of/
r/AnarchyChess,Submissions,ya7340,t5_2yvry,I am not hans Niemann. AMA,,8j1eb9ke,2022-10-21 22:46:23,419,0.98, ,/r/AnarchyChess/comments/ya7340/i_am_not_hans_niemann_ama/
r/AnarchyChess,Submissions,zuhk7y,t5_2yvry,Hans Niemann was in to woodworking it seems,,5ftlehc7,2022-12-24 20:03:58,51,0.96, ,/r/AnarchyChess/comments/zuhk7y/hans_niemann_was_in_to_woodworking_it_seems/
r/AnarchyChess,Submissions,xqfpth,t5_2yvry,Hans' attorney makes a statement,,dneiu,2022-09-28 15:29:18,2100,0.99, ,/r/AnarchyChess/comments/xqfpth/hans_attorney_makes_a_statement/
r/AnarchyChess,Submissions,xjwtjg,t5_2yvry,"Magnus Carlsen and Hans Niemann playing on a beach in Miami, Aug 2022.",,zoybw,2022-09-21 06:16:20,4833,0.99, ,/r/AnarchyChess/comments/xjwtjg/magnus_carlsen_and_hans_niemann_playing_on_a/
r/AnarchyChess,Submissions,x6nrax,t5_2yvry,Hans Niemann responds to cheating insinuations from Magnus Carlsen,,4jity,2022-09-05 18:41:53,5304,0.98, ,/r/AnarchyChess/comments/x6nrax/hans_niemann_responds_to_cheating_insinuations/
r/AnarchyChess,Submissions,xw7fer,t5_2yvry,"why tf is everyone talking about hans moke niemann when his twin sister, hennes moke niemann, is sexy AF?!",,pkdwpsxl,2022-10-05 10:57:00,985,0.92, ,/r/AnarchyChess/comments/xw7fer/why_tf_is_everyone_talking_about_hans_moke/
r/AnarchyChess,Submissions,x7phr0,t5_2yvry,This is now a Hans Niemann fan subreddit. Tell us what you love most about Hans in the comments.,,k0hefbr4,2022-09-06 23:39:27,1213,0.98, ,/r/AnarchyChess/comments/x7phr0/this_is_now_a_hans_niemann_fan_subreddit_tell_us/
r/AnarchyChess,Submissions,zlkwfo,t5_2yvry,am i the only one that thinks this guy is Hans and that they arrested him for cheating?,,3wxpe0sm,2022-12-14 07:41:15,85,0.95, ,/r/AnarchyChess/comments/zlkwfo/am_i_the_only_one_that_thinks_this_guy_is_hans/
r/AnarchyChess,Submissions,z0aiy2,t5_2yvry,what‚Äôs the best move here? i‚Äôm hans neimann,,74paq50u,2022-11-20 17:55:16,203,0.99, ,/r/AnarchyChess/comments/z0aiy2/whats_the_best_move_here_im_hans_neimann/
r/AnarchyChess,Submissions,yhcf3u,t5_2yvry,Hans? Is that you?,,37k6h8ao,2022-10-30 11:52:03,825,0.98, ,/r/AnarchyChess/comments/yhcf3u/hans_is_that_you/
r/AnarchyChess,Submissions,116ura3,t5_2yvry,I just beat GM Hans Niemann in a blitz game on Lichess! (I'm white btw),[https://lichess.org/iA8eNMdq](https://lichess.org/iA8eNMdq),8f27jwqh,2023-02-20 01:58:39,0,0.5, ,/r/AnarchyChess/comments/116ura3/i_just_beat_gm_hans_niemann_in_a_blitz_game_on/
r/AnarchyChess,Submissions,xwkbdj,t5_2yvry,The troubles of /r/chess Hans supporters,,am4fa9q,2022-10-05 19:46:41,1343,0.96, ,/r/AnarchyChess/comments/xwkbdj/the_troubles_of_rchess_hans_supporters/
r/AnarchyChess,Submissions,yd508b,t5_2yvry,"After back-to-back losses against Hans Niemann and Gavin from 3rd grade, Magnus Carlsen announces he is now focusing on the future of strategic gaming.",,14vwdq,2022-10-25 13:35:37,1351,1.0, ,/r/AnarchyChess/comments/yd508b/after_backtoback_losses_against_hans_niemann_and/
r/AnarchyChess,Submissions,z8mqrk,t5_2yvry,Hans Niemann sends birthday gifts to Magnus Carlsen,,99jf3w6d,2022-11-30 09:09:41,389,0.99, ,/r/AnarchyChess/comments/z8mqrk/hans_niemann_sends_birthday_gifts_to_magnus/
r/AnarchyChess,Submissions,yexru9,t5_2yvry,Magnus is eerily starting to look more and more like Hans,,27aclg8p,2022-10-27 17:20:31,527,0.99, ,/r/AnarchyChess/comments/yexru9/magnus_is_eerily_starting_to_look_more_and_more/
r/AnarchyChess,Submissions,xiiprw,t5_2yvry,Chad Hans strikes again,,quvge,2022-09-19 17:23:25,1706,0.97, ,/r/AnarchyChess/comments/xiiprw/chad_hans_strikes_again/
r/AnarchyChess,Submissions,xr5n4w,t5_2yvry,"One of these graphs is the ""age"" distribution of Hans Niemann, one is of a top super-GM. Which is which? If one of these graphs indicates aging, explain why. Names will be revealed in 12 hours.",,o1iie,2022-09-29 11:43:57,1399,0.99, ,/r/AnarchyChess/comments/xr5n4w/one_of_these_graphs_is_the_age_distribution_of/
r/AnarchyChess,Submissions,y80a7s,t5_2yvry,This photo of Hans after the game with Samuel Sevian reminded me of something,,ame4t,2022-10-19 11:33:43,1912,0.99, ,/r/AnarchyChess/comments/y80a7s/this_photo_of_hans_after_the_game_with_samuel/
r/AnarchyChess,Submissions,xwh35o,t5_2yvry,Hans after chess.com's report,,cl7zxoiq,2022-10-05 17:40:17,706,0.99, ,/r/AnarchyChess/comments/xwh35o/hans_after_chesscoms_report/
r/AnarchyChess,Submissions,x6e45l,t5_2yvry,Hans Niemann carreer evolution (2011 - 2025),,alian,2022-09-05 11:41:59,5316,0.99, ,/r/AnarchyChess/comments/x6e45l/hans_niemann_carreer_evolution_2011_2025/
r/AnarchyChess,Submissions,xt3waa,t5_2yvry,"Comparing Hans Niemann engine correlation with Domino's Pizza Share Price, with respect to Norwegian Car Emissions",,njjq7,2022-10-01 19:25:56,1209,0.99, ,/r/AnarchyChess/comments/xt3waa/comparing_hans_niemann_engine_correlation_with/
r/AnarchyChess,Submissions,xwa0gx,t5_2yvry,Why are we focusing on Hans when anonymous confessed gm has cheated so many times yet is still allowed on chess.c*m.,,iesgkki,2022-10-05 12:59:24,663,1.0, ,/r/AnarchyChess/comments/xwa0gx/why_are_we_focusing_on_hans_when_anonymous/
r/AnarchyChess,Submissions,xiu7wv,t5_2yvry,agadmator reviews Hans vs Magnus game,,o3xw1,2022-09-20 00:50:09,1965,0.99, ,/r/AnarchyChess/comments/xiu7wv/agadmator_reviews_hans_vs_magnus_game/
r/AnarchyChess,Submissions,xiiczj,t5_2yvry,Magnus resigns after yet another engine move (C4 on move 2) from Hans.,,7hyovzb4,2022-09-19 17:10:27,1413,0.99, ,/r/AnarchyChess/comments/xiiczj/magnus_resigns_after_yet_another_engine_move_c4/
r/AnarchyChess,Submissions,xgxtgc,t5_2yvry,WHERE'S THE RAT HANS?!,,1m0n3im8,2022-09-17 21:12:20,3892,0.99, ,/r/AnarchyChess/comments/xgxtgc/wheres_the_rat_hans/
r/AnarchyChess,Submissions,10o9lxw,t5_2yvry,Hans Niemann‚Äôs chess device,,2h3q9sfz,2023-01-29 15:00:25,7,1.0, ,/r/AnarchyChess/comments/10o9lxw/hans_niemanns_chess_device/
r/AnarchyChess,Submissions,ynortd,t5_2yvry,Hans Niemann playing chess,,75mrft,2022-11-06 12:33:36,550,0.97, ,/r/AnarchyChess/comments/ynortd/hans_niemann_playing_chess/
r/AnarchyChess,Submissions,y3rhl0,t5_2yvry,I just defeated Hans. Ask me anything,,7jby4hqi,2022-10-14 11:35:47,324,0.99, ,/r/AnarchyChess/comments/y3rhl0/i_just_defeated_hans_ask_me_anything/
r/AnarchyChess,Submissions,xeunb1,t5_2yvry,"You've heard of Hans Niemann accused of using anal beads against GM Anus, now get ready for..",,3bed4a21,2022-09-15 11:42:15,2194,0.99, ,/r/AnarchyChess/comments/xeunb1/youve_heard_of_hans_niemann_accused_of_using_anal/
r/AnarchyChess,Submissions,xvxfqx,t5_2yvry,Hans Niemann releases a statement,,nii9ljry,2022-10-05 01:58:52,1803,0.99, ,/r/AnarchyChess/comments/xvxfqx/hans_niemann_releases_a_statement/
r/AnarchyChess,Submissions,x6oe6h,t5_2yvry,Hans Niemann THE GOAT,,62z0uz1k,2022-09-05 19:08:08,1356,0.98, ,/r/AnarchyChess/comments/x6oe6h/hans_niemann_the_goat/
r/AnarchyChess,Submissions,xom3z0,t5_2yvry,Hans Niemann gives a response,,gw4ai4zp,2022-09-26 15:14:12,1479,0.99, ,/r/AnarchyChess/comments/xom3z0/hans_niemann_gives_a_response/
r/AnarchyChess,Submissions,xscaot,t5_2yvry,"Comparing Hans Niemann engine correlation with Magnus Carlsen and Vincent Keymer, with respect to opponent rating and FIDE title",,8qszslve,2022-09-30 20:53:49,879,1.0, ,/r/AnarchyChess/comments/xscaot/comparing_hans_niemann_engine_correlation_with/
r/AnarchyChess,Submissions,xy5wnm,t5_2yvry,New Hans Niemann theory ‚ÄºÔ∏è,,5buc2yu7,2022-10-07 18:04:28,1251,1.0, ,/r/AnarchyChess/comments/xy5wnm/new_hans_niemann_theory/
r/AnarchyChess,Submissions,xy1ril,t5_2yvry,"""Why does Hans, the largest player, not simply eat the other players?""",,xg5ag,2022-10-07 15:15:50,772,0.99, ,/r/AnarchyChess/comments/xy1ril/why_does_hans_the_largest_player_not_simply_eat/
r/AnarchyChess,Submissions,xhtvbz,t5_2yvry,"Hans Niemann is now under the ""Popular culture"" section for the Wikipedia article on anal beads. We did it, guys.",,71u6o,2022-09-18 22:19:12,979,0.99, ,/r/AnarchyChess/comments/xhtvbz/hans_niemann_is_now_under_the_popular_culture/
r/AnarchyChess,Submissions,y7rgmh,t5_2yvry,Hans Niemann causing a spike in interest in anal beads in the US during the last 7 weeks,,yw5af,2022-10-19 03:23:18,446,0.99, ,/r/AnarchyChess/comments/y7rgmh/hans_niemann_causing_a_spike_in_interest_in_anal/
r/AnarchyChess,Submissions,xmqr81,t5_2yvry,I work at a grocery store across the street from the St. Louis Chess Club. I have interacted with Hans on multiple occasions,"I saw Hans at the grocery store in St Louis yesterday. I told him how cool it was to meet him in person, but I didn‚Äôt want to be a douche and bother him and ask him for photos or anything.

He said, ‚ÄúOh, like you‚Äôre doing now?‚Äù

I was taken aback, and all I could say was ‚ÄúHuh?‚Äù but he kept cutting me off and going ‚Äúhuh? huh? huh?‚Äù and closing his hand shut in front of my face. I walked away and continued with my shopping, and I heard him chuckle as I walked off. When I came to pay for my stuff up front I saw him trying to walk out the doors with like fifteen Milky Ways in his hands without paying.

The girl at the counter was very nice about it and professional, and was like ‚ÄúSir, you need to pay for those first.‚Äù At first he kept pretending to be tired and not hear her, but eventually turned back around and brought them to the counter.

When she took one of the bars and started scanning it multiple times, he stopped her and told her to scan them each individually ‚Äúto prevent any electrical infetterence,‚Äù and then turned around and winked at me. I don‚Äôt even think that‚Äôs a word. After she scanned each bar and put them in a bag and started to say the price, he kept interrupting her by yawning really loudly.",6d5hpwad,2022-09-24 11:49:08,561,0.98, ,/r/AnarchyChess/comments/xmqr81/i_work_at_a_grocery_store_across_the_street_from/
r/AnarchyChess,Submissions,x95xbc,t5_2yvry,Hans Niemann cheated,"‚ÄúM-Magnus! I didn‚Äôt think you‚Äôd get home this early!‚Äù Hans stuttered, completely in shock. 

Magnus stood, heartbroken, staring at his soon to be husband.

‚ÄúHow could you?‚Äù

‚ÄúIt‚Äôs not what it looks like!‚Äù Hans stammered, wrapping himself up in covers. 

‚ÄúWe were just about to reveal our love to the world!‚Äù Magnus shouted in fury, ‚ÄúWhat am I gonna tell all our friends? What am I gonna tell Hikaru?!?!‚Äù

Hans looked at the floor while the guilt finally hit him.

Suddenly, a figure emerged from the bed and revealed himself. Ben Finegold. 

Covering his modesty, he spoke in a quiet shameful whisper, ‚ÄúI‚Äôm sorry Magnus. It was my birthday after all. The truth hurts.‚Äù 

Ben retrieved his brick from the bed, and walked towards the door while Magnus stared in shock and heartbreak. 

Magnus‚Äôs gaze returned to Hans. ‚ÄúIt‚Äôs over.‚Äù

Hans‚Äôs eyes filled with tears. 

‚ÄúMagnus wait- what about the tournament?! What about our love?!‚Äù

‚ÄúI‚Äôm withdrawing from the tournament. I never want to see you again.‚Äù Magnus stated, coldly.

Magnus stormed out of the room and slammed the door. 

Hans finally broke down in tears, devastated.",dq0xc3p,2022-09-08 17:06:44,1637,0.99, ,/r/AnarchyChess/comments/x95xbc/hans_niemann_cheated/
r/AnarchyChess,Submissions,xuhhf8,t5_2yvry,Cam Site Offers Hans Niemann $1 Million to Play Chess Nude to Prove He Didn't Cheat,,na,2022-10-03 12:00:28,302,0.87, ,/r/AnarchyChess/comments/xuhhf8/cam_site_offers_hans_niemann_1_million_to_play/
r/AnarchyChess,Submissions,xvraa9,t5_2yvry,Is there a way to salvage this position? I am playing as Hans,,1qe26vq6,2022-10-04 21:29:05,358,0.99, ,/r/AnarchyChess/comments/xvraa9/is_there_a_way_to_salvage_this_position_i_am/
r/AnarchyChess,Submissions,x7qhy7,t5_2yvry,The Virgin GM vs The Chad Hans Niemann,,8ciw72n8,2022-09-07 00:24:50,1277,0.97, ,/r/AnarchyChess/comments/x7qhy7/the_virgin_gm_vs_the_chad_hans_niemann/
r/AnarchyChess,Submissions,xwmlvn,t5_2yvry,Magnus Carlsen is dating Hans Niemann?,"So apparently there's a 72-page report discussing the ""Niemann-Carlsen affair""?

I don't think it's wrong for two GMs to date, but IMs (except for Eric Rosen) should not be allowed to date as an incentive for them to become GMs.

I also think it's a little inappropriate to write 72 pages on a private relationship between Magnus and Hans, especially when the use of anal beads is so heavily implicated.

Apparently the report also implicates hundreds of other GMs. We all know Magnus fucks, but it's a little hard to believe that he has affairs with hundreds of GMs. 

Am I out of line here? Should IMs be allowed to date? Is it weird that they published 72-pages of evidence that Magnus is dating Hans?",bd6q5,2022-10-05 21:16:07,615,0.99, ,/r/AnarchyChess/comments/xwmlvn/magnus_carlsen_is_dating_hans_niemann/
r/AnarchyChess,Submissions,y97260,t5_2yvry,Hans: My lawsuit speaks for itself,,9fhucpqh,2022-10-20 19:11:47,67,0.97, ,/r/AnarchyChess/comments/y97260/hans_my_lawsuit_speaks_for_itself/
r/AnarchyChess,Submissions,xwxu3z,t5_2yvry,I am Hans Niemann's lawyer. Ask me anything.,,qdbir,2022-10-06 06:06:57,58,0.98, ,/r/AnarchyChess/comments/xwxu3z/i_am_hans_niemanns_lawyer_ask_me_anything/
r/AnarchyChess,Submissions,yawjb1,t5_2yvry,Hans Niemann spotted !!!,,caj11gh8,2022-10-22 19:36:44,402,0.98, ,/r/AnarchyChess/comments/yawjb1/hans_niemann_spotted/
r/AnarchyChess,Submissions,z06yhu,t5_2yvry,Should they ban Hans Niemann from competitive biking?,,na,2022-11-20 15:30:37,72,0.94, ,/r/AnarchyChess/comments/z06yhu/should_they_ban_hans_niemann_from_competitive/
r/AnarchyChess,Submissions,xikh97,t5_2yvry,WTF Hans Niemann Just Got a 100% Accuracy Game. And You Tell Us You Think He Isn't Cheating???,,3r3zepxv,2022-09-19 18:28:50,314,0.99, ,/r/AnarchyChess/comments/xikh97/wtf_hans_niemann_just_got_a_100_accuracy_game_and/
r/AnarchyChess,Submissions,10cutmq,t5_2yvry,Dream vs Hans Niemann,,8amsu12r,2023-01-15 21:01:04,4,1.0, ,/r/AnarchyChess/comments/10cutmq/dream_vs_hans_niemann/
r/AnarchyChess,Submissions,xr0dn2,t5_2yvry,Timoth√©e Chalamet has been cast as Hans Niemann in the upcoming Netflix documentary,,2wx8xew0,2022-09-29 06:31:09,478,0.98, ,/r/AnarchyChess/comments/xr0dn2/timoth√©e_chalamet_has_been_cast_as_hans_niemann/
r/AnarchyChess,Submissions,xij1ch,t5_2yvry,breaking news: hans niemann defeats magnus carlsen in two moves,,421jg2ro,2022-09-19 17:35:07,1171,0.99, ,/r/AnarchyChess/comments/xij1ch/breaking_news_hans_niemann_defeats_magnus_carlsen/
r/AnarchyChess,Submissions,xrajhc,t5_2yvry,Hans Niemann Confirmed for US Sexiest Man Alive Championship,,ev1ak,2022-09-29 15:19:57,470,0.96, ,/r/AnarchyChess/comments/xrajhc/hans_niemann_confirmed_for_us_sexiest_man_alive/
r/AnarchyChess,Submissions,x7o02t,t5_2yvry,Leaked pre-game footage of Hans Niemann hiding his chess engine from the arbiters,,xy8jn,2022-09-06 22:34:36,1349,0.99, ,/r/AnarchyChess/comments/x7o02t/leaked_pregame_footage_of_hans_niemann_hiding_his/
r/AnarchyChess,Submissions,xx9rqe,t5_2yvry,Hans the exhibitionist,,2cffa08t,2022-10-06 16:38:46,341,0.96, ,/r/AnarchyChess/comments/xx9rqe/hans_the_exhibitionist/
r/AnarchyChess,Submissions,zz1qus,t5_2yvry,Hans Niemann blunders in 11 moves against a 2481 rated player. Black to play and win,,5yrs8pmo,2022-12-30 14:23:24,5,1.0, ,/r/AnarchyChess/comments/zz1qus/hans_niemann_blunders_in_11_moves_against_a_2481/
r/AnarchyChess,Submissions,104mj1b,t5_2yvry,I‚Äôve heard a lot about this Hans guy cheating. Should I be worried?,,77pd0stm,2023-01-06 06:04:14,9,0.78, ,/r/AnarchyChess/comments/104mj1b/ive_heard_a_lot_about_this_hans_guy_cheating/
r/AnarchyChess,Submissions,x77pyt,t5_2yvry,"If Hans Niemann has a million fans, I'm one of them",,ywnop,2022-09-06 11:06:04,1100,0.98, ,/r/AnarchyChess/comments/x77pyt/if_hans_niemann_has_a_million_fans_im_one_of_them/
r/AnarchyChess,Submissions,xw5ml0,t5_2yvry,Hans tabbing out during games,,3pr69cof,2022-10-05 09:14:51,287,0.99, ,/r/AnarchyChess/comments/xw5ml0/hans_tabbing_out_during_games/
r/AnarchyChess,Submissions,xjj1lz,t5_2yvry,Hans Niemann being prepped to enter his first chess tournament (Age 10),,9znz9nxu,2022-09-20 20:06:00,983,0.98, ,/r/AnarchyChess/comments/xjj1lz/hans_niemann_being_prepped_to_enter_his_first/
r/AnarchyChess,Submissions,yayz56,t5_2yvry,Why do people think Hans cheated? I just played a game with 0 mistakes.,,53ogea5b,2022-10-22 21:20:05,410,0.99, ,/r/AnarchyChess/comments/yayz56/why_do_people_think_hans_cheated_i_just_played_a/
r/AnarchyChess,Submissions,zvneud,t5_2yvry,FIDE commemorates Hans Niemann‚Äôs groundbreaking use of anal beads in modern chess theory with a statue in his (and beads‚Äô) honour,,3393he7x,2022-12-26 13:44:08,34,0.97, ,/r/AnarchyChess/comments/zvneud/fide_commemorates_hans_niemanns_groundbreaking/
r/AnarchyChess,Submissions,zkugec,t5_2yvry,OpenAI makes a stunning revelation about Hans Niemann,,muzzozaj,2022-12-13 12:24:26,35,0.88, ,/r/AnarchyChess/comments/zkugec/openai_makes_a_stunning_revelation_about_hans/
r/AnarchyChess,Submissions,x6qh50,t5_2yvry,BREAKING: Wesley so has proof that Hans cheated and here it is.,,na,2022-09-05 20:31:32,1066,0.99, ,/r/AnarchyChess/comments/x6qh50/breaking_wesley_so_has_proof_that_hans_cheated/
r/AnarchyChess,Submissions,xkccb3,t5_2yvry,"Magnus Carlsen and Hans Niemann playing on a beach in Miami, Aug 2022",,1iwypvki,2022-09-21 18:09:28,891,0.99, ,/r/AnarchyChess/comments/xkccb3/magnus_carlsen_and_hans_niemann_playing_on_a/
r/AnarchyChess,Submissions,107zpte,t5_2yvry,Should I send Hans this book my brother had on his toilet? It might help him against Magnus.,,ev0ad,2023-01-10 03:52:02,5,1.0, ,/r/AnarchyChess/comments/107zpte/should_i_send_hans_this_book_my_brother_had_on/
r/AnarchyChess,Submissions,xrt2du,t5_2yvry,video demonstration of Hans Anal beads working in real time,,9znz9nxu,2022-09-30 05:19:15,394,0.98, ,/r/AnarchyChess/comments/xrt2du/video_demonstration_of_hans_anal_beads_working_in/
r/AnarchyChess,Submissions,xx9dmy,t5_2yvry,Hans Niemann going through security at the US Open today,,84wgupyy,2022-10-06 16:22:30,296,0.98, ,/r/AnarchyChess/comments/xx9dmy/hans_niemann_going_through_security_at_the_us/
r/AnarchyChess,Submissions,y0o8vy,t5_2yvry,My statement on the Magnus Carlsen - Hans Niemann Affair,"Hello, I'm Chess Grandmaster Max Deutsch. The last few weeks have been difficult for me as well as the many talented coaches who work for my algorithm company. I want to take this opportunity to set the record straight on who I am, What my role is pertaining to Hans Niemman, and respond to some of the accusations made against me. I've also provided some analysis of the games I played in 2020 which had me flagged for using my proprietary algorithm to defeat Magnus.

Hopefully, this helps clarify things: [https://sites.google.com/analbeads-vibrator-how-I-did-it]",1xjois2d,2022-10-10 19:52:48,174,0.96, ,/r/AnarchyChess/comments/y0o8vy/my_statement_on_the_magnus_carlsen_hans_niemann/
r/AnarchyChess,Submissions,x7lzs5,t5_2yvry,Why I think Hans cheated vs Magnus,"He said in the post-match interview that he had prepared for that opening. But how does someone usually prepare for openings? Yes you got it right ‚Äì using **CHESS SOFTWARE.**

So if he had that same position in the same day of the match, as he says in this interview, then the moves weren't his but the **ENGINE'S**. He just replicated them. All calculation was done by the **COMPUTER**.

So there you have it.",5hts99if,2022-09-06 21:11:56,166,0.99, ,/r/AnarchyChess/comments/x7lzs5/why_i_think_hans_cheated_vs_magnus/
r/AnarchyChess,Submissions,xvr1wv,t5_2yvry,Hans response on cheating allegation,,urpuyz2,2022-10-04 21:19:54,675,0.99, ,/r/AnarchyChess/comments/xvr1wv/hans_response_on_cheating_allegation/
r/AnarchyChess,Submissions,xixsor,t5_2yvry,Magnus vs Hans but Magnus is portrayed by a cat,,47zagab4,2022-09-20 03:29:38,734,0.99, ,/r/AnarchyChess/comments/xixsor/magnus_vs_hans_but_magnus_is_portrayed_by_a_cat/
r/AnarchyChess,Submissions,zkz7dd,t5_2yvry,"Hi I created the AI ""Hans Niemann"" AMA!","Hi I am a researcher in neuronal networks, AI, machine learning. Will soon finish my bachelor. I created an AI called ""Hans Niemann"", AMA! The name ""Hans"" is the most generic German name. ""Niemann"" literally means ""nobody"", so you could translate it as ""John Nobody"". I gave the AI body a Danish background, so no one could place it's accent.",5u35nbfv,2022-12-13 16:04:23,14,0.86, ,/r/AnarchyChess/comments/zkz7dd/hi_i_created_the_ai_hans_niemann_ama/
r/AnarchyChess,Submissions,xvco4w,t5_2yvry,Looks like Hans Niemann has had his little scheme in the works for almost a year! We should‚Äôve known sooner‚Ä¶,,a4yriluw,2022-10-04 11:31:58,810,0.99, ,/r/AnarchyChess/comments/xvco4w/looks_like_hans_niemann_has_had_his_little_scheme/
r/AnarchyChess,Submissions,ym3lsp,t5_2yvry,The only USB hub officially endorsed by Hans Niemann,,chnch25w,2022-11-04 16:34:07,109,0.97, ,/r/AnarchyChess/comments/ym3lsp/the_only_usb_hub_officially_endorsed_by_hans/
r/AnarchyChess,Submissions,xqhngs,t5_2yvry,One of these pictures is Hans Niemann and one is a cheetah. Guess which one is which.,Rumors say that one of them has been a cheetah his hole life. The other one might be a vicious predator looking out for his next victim.,b3s5fste,2022-09-28 16:43:13,357,1.0, ,/r/AnarchyChess/comments/xqhngs/one_of_these_pictures_is_hans_niemann_and_one_is/
r/AnarchyChess,Submissions,103ggu9,t5_2yvry,Hans was using Mittens the entire time??,,2h61f97,2023-01-04 22:01:06,6,1.0, ,/r/AnarchyChess/comments/103ggu9/hans_was_using_mittens_the_entire_time/
r/AnarchyChess,Submissions,xwthnn,t5_2yvry,Are we sure Hans didn‚Äôt just memorize the stockfish codebase?,It‚Äôs possible he memorized the algorithm for stockfish and is simply executing the code in his head to find the best moves,na,2022-10-06 02:18:35,273,0.99, ,/r/AnarchyChess/comments/xwthnn/are_we_sure_hans_didnt_just_memorize_the/
r/AnarchyChess,Submissions,yc6bl5,t5_2yvry,Hans Niemann is so good at chess his hairline did an En passant,,k59s9kh0,2022-10-24 09:00:37,51,0.93, ,/r/AnarchyChess/comments/yc6bl5/hans_niemann_is_so_good_at_chess_his_hairline_did/
r/AnarchyChess,Submissions,zxk5aw,t5_2yvry,Hans Niemann by Ghais Guevara,,1a3d5qbt,2022-12-28 20:33:06,11,0.93, ,/r/AnarchyChess/comments/zxk5aw/hans_niemann_by_ghais_guevara/
r/AnarchyChess,Submissions,zq92ol,t5_2yvry,Andrew Tate porn parody of Magnus Vs. Hans,,9znz9nxu,2022-12-20 00:42:45,17,0.82, ,/r/AnarchyChess/comments/zq92ol/andrew_tate_porn_parody_of_magnus_vs_hans/
r/AnarchyChess,Submissions,xdmfp9,t5_2yvry,"Hans Niemann awkwardly suggests his opponent should go on a date with him because ""chat"" wants it",,4ewc216i,2022-09-13 23:44:08,177,0.94, ,/r/AnarchyChess/comments/xdmfp9/hans_niemann_awkwardly_suggests_his_opponent/
r/AnarchyChess,Submissions,xtnqy3,t5_2yvry,Statue of Hans Niemann erected in Rotterdam for his achievements in chess,,12gdj9,2022-10-02 12:36:27,536,0.98, ,/r/AnarchyChess/comments/xtnqy3/statue_of_hans_niemann_erected_in_rotterdam_for/
r/AnarchyChess,Submissions,yqs1n0,t5_2yvry,The TV adaptation of the Magnus & Hans drama is finally here...,,je0c4,2022-11-09 18:58:49,61,0.97, ,/r/AnarchyChess/comments/yqs1n0/the_tv_adaptation_of_the_magnus_hans_drama_is/
r/AnarchyChess,Submissions,xsdsbt,t5_2yvry,I am Data Scientist with Bachelor Degree in Computer Science and Mathematics. I crunched the numbers using scientific standarized methods to evaluate the likelihood of cheating in the case of Hans Niemann. Here are my results:,,oi3h5u9s,2022-09-30 21:55:34,119,0.97, ,/r/AnarchyChess/comments/xsdsbt/i_am_data_scientist_with_bachelor_degree_in/
r/AnarchyChess,Submissions,xmguke,t5_2yvry,Proof I was on to Hans before Magnus!!! AMA,,67zoiiz9,2022-09-24 02:42:43,251,0.97, ,/r/AnarchyChess/comments/xmguke/proof_i_was_on_to_hans_before_magnus_ama/
r/AnarchyChess,Submissions,xw3xvc,t5_2yvry,You sent i think hans neimen might have used Invisible Contact Lenses to allow him to See the Chess Pieces??????,,dff4a,2022-10-05 07:33:00,360,0.99, ,/r/AnarchyChess/comments/xw3xvc/you_sent_i_think_hans_neimen_might_have_used/
r/AnarchyChess,Submissions,xmtr0q,t5_2yvry,I work at a sex shop across the street from the St. Louis Chess Club. I have interacted with Hans on multiple occasions,"He's an alright kid - looks much older than a 19-year-old. This will become important later.

First time he came in he didn't put on an accent and spent a long time hanging around the anal section. He asked me what the largest size dildo we stocked was. I told him we had triple XL but we could order in a quad XL if needed. He didn't need that much size and went with the triple XL. I'd say compared to most of the bourgeoisie a-holes that find themselves in there (pun intended) he is one of the easiest people to serve and very appreciative of the work we do.

Second time he came in he ordered a bunch of beads and other accessories, I remember specifically he wanted Lovesense beads that could be operated from a distance. Not that unusual a request. Anyway, I sold him all that and when you spend over $100 bucks we throw in a bottle of free liquor. Me thinking the dude was much older than 19 I didn't even think about it. 

Anyway fast forward a week and my manager's reading all these news articles about 'the biggest cheating scandal in chess' etc and realises he's seen the dude before on our CCTV. Motherfucker realises we've served Hans all this sex shit and booze and he's well under 21. Well my ass was grass and my manager had the lawnmower. In other words, I got fired the same day and apparently the shop is being sued by Chess.com. AND THAT IS THE STORY THEY WON'T TELL US ON CNN",z2hf5,2022-09-24 14:05:09,422,0.99, ,/r/AnarchyChess/comments/xmtr0q/i_work_at_a_sex_shop_across_the_street_from_the/
r/AnarchyChess,Submissions,xwikh7,t5_2yvry,Hans Niemann getting double checked for beads,,6gss6i8j,2022-10-05 18:38:00,207,0.99, ,/r/AnarchyChess/comments/xwikh7/hans_niemann_getting_double_checked_for_beads/
r/AnarchyChess,Submissions,zrxcww,t5_2yvry,I did a thing made Hans' anal cheating device,,3nhpz9lr,2022-12-21 18:53:49,14,1.0, ,/r/AnarchyChess/comments/zrxcww/i_did_a_thing_made_hans_anal_cheating_device/
r/AnarchyChess,Submissions,x7qble,t5_2yvry,Magnus reacts to losing to Hans,,77022,2022-09-07 00:16:50,873,0.99, ,/r/AnarchyChess/comments/x7qble/magnus_reacts_to_losing_to_hans/
r/AnarchyChess,Submissions,xey18x,t5_2yvry,"Hans didn‚Äôt just beat Magnus, he rectum",,121v9y,2022-09-15 14:18:46,703,0.99, ,/r/AnarchyChess/comments/xey18x/hans_didnt_just_beat_magnus_he_rectum/
r/AnarchyChess,Submissions,xautow,t5_2yvry,Im Hans Niemanns urologist AMA,,dvoi9g6i,2022-09-10 17:22:54,81,0.95, ,/r/AnarchyChess/comments/xautow/im_hans_niemanns_urologist_ama/
r/AnarchyChess,Submissions,xr65en,t5_2yvry,"To prove that Hans Niemann could have cheated, I played chess against a journalist while using a vibrating cock ring","I‚Äôve been testing for 24 hours so far. Unfortunately I didn‚Äôt have anyone to send me the moves, or a journalist to play against, or a chess board. But I think the experiment is going well.",cd56st7b,2022-09-29 12:08:05,447,1.0, ,/r/AnarchyChess/comments/xr65en/to_prove_that_hans_niemann_could_have_cheated_i/
r/AnarchyChess,Submissions,xa9icd,t5_2yvry,Hans Nieman killed the queen of england,,b35zm,2022-09-09 23:12:48,136,0.99, ,/r/AnarchyChess/comments/xa9icd/hans_nieman_killed_the_queen_of_england/
r/AnarchyChess,Submissions,x6txt6,t5_2yvry,Hans god tier revision,,12pdoo,2022-09-05 22:55:43,818,0.99, ,/r/AnarchyChess/comments/x6txt6/hans_god_tier_revision/
r/AnarchyChess,Submissions,zvzrql,t5_2yvry,Hans Niemann Reddit account? Wearing stockfish to beat ‚ÄúM‚Äùagnus ‚ÄúC‚Äùarlsen1!!11!,,92e5279p,2022-12-26 23:09:00,6,0.87, ,/r/AnarchyChess/comments/zvzrql/hans_niemann_reddit_account_wearing_stockfish_to/
r/AnarchyChess,Submissions,x7ftu0,t5_2yvry,I've finally figured out how Hans has been cheating. He's been using marked pieces for all his games.,,22ro8v9r,2022-09-06 17:03:47,475,1.0, ,/r/AnarchyChess/comments/x7ftu0/ive_finally_figured_out_how_hans_has_been/
r/AnarchyChess,Submissions,xvuw2j,t5_2yvry,Hans Niemann has won - his big plan has paid off,,edij3asf,2022-10-05 00:03:34,309,0.98, ,/r/AnarchyChess/comments/xvuw2j/hans_niemann_has_won_his_big_plan_has_paid_off/
r/AnarchyChess,Submissions,yesl7i,t5_2yvry,The predecessor of Hans has been found,,4gw6yhne,2022-10-27 13:54:30,47,0.98, ,/r/AnarchyChess/comments/yesl7i/the_predecessor_of_hans_has_been_found/
r/AnarchyChess,Submissions,y7tg7n,t5_2yvry,Hans Niemann causing a spike in interest in anal beads in the US during the last 7 weeks,,787i7mga,2022-10-19 05:03:57,107,0.96, ,/r/AnarchyChess/comments/y7tg7n/hans_niemann_causing_a_spike_in_interest_in_anal/
r/AnarchyChess,Submissions,xjitqe,t5_2yvry,Hans Niemann saying how much he loves Hikaru‚Äôs stream a year ago. Feelsbadman,,c4frmpdc,2022-09-20 19:57:56,122,0.97, ,/r/AnarchyChess/comments/xjitqe/hans_niemann_saying_how_much_he_loves_hikarus/
r/AnarchyChess,Submissions,x70u6c,t5_2yvry,I'm not Hans Niemann and I'm not a cheater. AMA.,,7y31ecez,2022-09-06 04:19:47,84,0.97, ,/r/AnarchyChess/comments/x70u6c/im_not_hans_niemann_and_im_not_a_cheater_ama/
r/AnarchyChess,Submissions,xnv6zp,t5_2yvry,Magnus and Hans played a non-standard board game and this position appeared. What is the best move after e4?,,7zbsu,2022-09-25 18:34:50,231,0.99, ,/r/AnarchyChess/comments/xnv6zp/magnus_and_hans_played_a_nonstandard_board_game/
r/AnarchyChess,Submissions,y7mkx4,t5_2yvry,Sam Sevian vs Hans Niemann - 2022 US Championship,,z8nvv,2022-10-18 23:37:09,250,0.99, ,/r/AnarchyChess/comments/y7mkx4/sam_sevian_vs_hans_niemann_2022_us_championship/
r/AnarchyChess,Submissions,zfirm1,t5_2yvry,Hans Niemann is Beethoven???,,4nzat1si,2022-12-08 00:05:52,23,0.96, ,/r/AnarchyChess/comments/zfirm1/hans_niemann_is_beethoven/
r/AnarchyChess,Submissions,x77vak,t5_2yvry,Wesley So's take on Hans Niemann's post-match analysis,,94n2at9j,2022-09-06 11:14:14,300,1.0, ,/r/AnarchyChess/comments/x77vak/wesley_sos_take_on_hans_niemanns_postmatch/
r/AnarchyChess,Submissions,x76gpf,t5_2yvry,Hans Niemann is our new Petrosian,,1tftmnbv,2022-09-06 09:54:07,324,0.96, ,/r/AnarchyChess/comments/x76gpf/hans_niemann_is_our_new_petrosian/
r/AnarchyChess,Submissions,xpcrcy,t5_2yvry,How did Hans Niemann cheat? Give me your wildest ideas,,2igcvai,2022-09-27 10:19:31,18,0.93, ,/r/AnarchyChess/comments/xpcrcy/how_did_hans_niemann_cheat_give_me_your_wildest/
r/AnarchyChess,Submissions,xwgww2,t5_2yvry,Basically Hans,,bx2ab,2022-10-05 17:33:40,768,0.98, ,/r/AnarchyChess/comments/xwgww2/basically_hans/
r/AnarchyChess,Submissions,xkgxkk,t5_2yvry,"Hans Niemann, student of Maxim Dlugy, is congratulated for his recent beads (on Dlugy's Facebook)",,6h8n82j3,2022-09-21 21:02:26,286,0.97, ,/r/AnarchyChess/comments/xkgxkk/hans_niemann_student_of_maxim_dlugy_is/
r/AnarchyChess,Submissions,xy048v,t5_2yvry,HOW DID EVERYONE MISS THIS?? Hans caught with contraband at US Chess Championship,,1wzz6zb5,2022-10-07 14:08:41,443,0.98, ,/r/AnarchyChess/comments/xy048v/how_did_everyone_miss_this_hans_caught_with/
r/AnarchyChess,Submissions,xfjp7i,t5_2yvry,Trevor Noah weighs in on Hans Niemann scandal,,8fuja44n,2022-09-16 06:29:48,128,0.9, ,/r/AnarchyChess/comments/xfjp7i/trevor_noah_weighs_in_on_hans_niemann_scandal/
r/AnarchyChess,Submissions,xqzou9,t5_2yvry,"One of these charts is the ""Astrological Natal Chart"" of Hans Niemann, one is of a top super-GM. Which is which? If one of these charts indicates cheating, explain why. Names will be revealed in 12 hours.",,3zk5l,2022-09-29 05:50:15,69,0.95, ,/r/AnarchyChess/comments/xqzou9/one_of_these_charts_is_the_astrological_natal/
r/AnarchyChess,Submissions,xrp7fy,t5_2yvry,Bombshell story from Ben Finegold - Not looking good for Hans,,edij3asf,2022-09-30 01:54:25,399,0.99, ,/r/AnarchyChess/comments/xrp7fy/bombshell_story_from_ben_finegold_not_looking/
r/AnarchyChess,Submissions,xb8zvr,t5_2yvry,Hans fans arrive at the STL chess club,,be65dx24,2022-09-11 04:19:37,1099,1.0, ,/r/AnarchyChess/comments/xb8zvr/hans_fans_arrive_at_the_stl_chess_club/
r/AnarchyChess,Submissions,x73gaw,t5_2yvry,Magnus Carlsen's official statement on Hans Niemann," I am not crazy! I know he used an engine to beat me. I knew he couldn't beat me. I‚Äôm Magnus Carlsen. As if I could ever lose a match. Never. Never! I just - I just couldn't prove it. He covered his tracks, he got that idiot at FIDE to unban him. You think this is something? You think this is bad? This? This chicanery? He's done worse. Engine cheating! Are you telling me that a man just happens to play perfectly like that? No! He cheated! Niemann! He declined En passant! And I Didn't brick him! And I should have. Tried to save his PIPI! What was I thinking? He'll never change. He'll never change! Ever since he was 9, always the same! Couldn't keep his hands out of the brick drawer! But not our Niemann! Couldn't be precious Niemann! Bricking them blind! And HE gets to beat me? What a sick joke! I should've stopped him when I had the chance! And you have to ban him, you‚Ä¶",mcumhkmw,2022-09-06 06:47:28,267,0.97, ,/r/AnarchyChess/comments/x73gaw/magnus_carlsens_official_statement_on_hans_niemann/
r/AnarchyChess,Submissions,xp12b9,t5_2yvry,Hans responds to Magnus on twitter,,drczl,2022-09-27 00:30:50,556,0.99, ,/r/AnarchyChess/comments/xp12b9/hans_responds_to_magnus_on_twitter/
r/AnarchyChess,Submissions,xabqpb,t5_2yvry,GM Hans Niemann has been permanently banned from Saint Louis Chess Club after being caught eating one of Magnus Carlsen's pawns while the arbiter wasn't looking.,,vbq1a,2022-09-10 00:57:43,453,0.99, ,/r/AnarchyChess/comments/xabqpb/gm_hans_niemann_has_been_permanently_banned_from/
r/AnarchyChess,Submissions,zlxkmd,t5_2yvry,"Is it just me, or does anyone else think this is Hans Niemann for a brief second when they scroll by this ad?",,8f27jwqh,2022-12-14 17:55:00,10,1.0, ,/r/AnarchyChess/comments/zlxkmd/is_it_just_me_or_does_anyone_else_think_this_is/
r/AnarchyChess,Submissions,xvwecw,t5_2yvry,chess.com added a hans bot!,,87n1khui,2022-10-05 01:11:23,209,1.0, ,/r/AnarchyChess/comments/xvwecw/chesscom_added_a_hans_bot/
r/AnarchyChess,Submissions,xkeytb,t5_2yvry,Appreciation post for Hans Niemann who has done so much to promote anal beads in my ass,,2m0wghth,2022-09-21 19:49:55,446,0.98, ,/r/AnarchyChess/comments/xkeytb/appreciation_post_for_hans_niemann_who_has_done/
r/AnarchyChess,Submissions,xg552j,t5_2yvry,"I went on this sub for the first time in a month and I haven‚Äôt seen any en passant jokes or similar, all I see is memes about Hans Nieman. Can someone please explain recent sub happenings to me?","I have no idea what‚Äôs going on, please help.",8b0pyw28,2022-09-16 22:34:41,42,0.86, ,/r/AnarchyChess/comments/xg552j/i_went_on_this_sub_for_the_first_time_in_a_month/
r/AnarchyChess,Submissions,xp9ph4,t5_2yvry,Hans counters Magnus with a statement of his own.,,9klsk4a,2022-09-27 07:23:05,95,0.98, ,/r/AnarchyChess/comments/xp9ph4/hans_counters_magnus_with_a_statement_of_his_own/
r/AnarchyChess,Submissions,zm849q,t5_2yvry,Someone is trying to imply Hans is guilty.,,rygrp,2022-12-15 01:15:31,5,0.79, ,/r/AnarchyChess/comments/zm849q/someone_is_trying_to_imply_hans_is_guilty/
r/AnarchyChess,Submissions,x77xzd,t5_2yvry,The man behind the curtain feeding Hans engine moves,,4itbm,2022-09-06 11:18:27,612,1.0, ,/r/AnarchyChess/comments/x77xzd/the_man_behind_the_curtain_feeding_hans_engine/
r/AnarchyChess,Submissions,x7y3xd,t5_2yvry,I designed the butt plug that Hans Niemann used to cheat AMA,Hi I‚Äôm world renowned industrialist and billionaire H.E. Pennypacker most recently known for inventing the SmartButt (tm) Buttplug that Hans Niemann used to cheat at the Sinq. And beat Mango Carleton. AMA!,dxmxtsc3,2022-09-07 06:52:36,91,1.0, ,/r/AnarchyChess/comments/x7y3xd/i_designed_the_butt_plug_that_hans_niemann_used/
r/AnarchyChess,Submissions,xy9egz,t5_2yvry,Approved by Hans!,,5ebdl,2022-10-07 20:30:31,270,0.98, ,/r/AnarchyChess/comments/xy9egz/approved_by_hans/
r/AnarchyChess,Submissions,x8jp3w,t5_2yvry,"Hans Niemann emerging from his suitcase after studying chess for 4,500 hours straight.",,8ciw72n8,2022-09-07 23:16:15,496,0.99, ,/r/AnarchyChess/comments/x8jp3w/hans_niemann_emerging_from_his_suitcase_after/
r/AnarchyChess,Submissions,yyloys,t5_2yvry,"White to move, mate in 2 (this had Hans Niemann thinking for less than a minute against Magnus Carlsen)",,icrpgeqf,2022-11-18 14:40:32,5,0.78, ,/r/AnarchyChess/comments/yyloys/white_to_move_mate_in_2_this_had_hans_niemann/
r/AnarchyChess,Submissions,xtcegw,t5_2yvry,"Hans didn't cheat, Magnus is a crybaby and his fragile ego couldn't take the obvious better player winning.",,65t5ssir,2022-10-02 01:53:15,28,0.83, ,/r/AnarchyChess/comments/xtcegw/hans_didnt_cheat_magnus_is_a_crybaby_and_his/
r/AnarchyChess,Submissions,y9gvpd,t5_2yvry,Hans Niemann‚Äôs chess set after getting 100 million from Magnus,,dxmxtsc3,2022-10-21 02:09:37,102,0.98, ,/r/AnarchyChess/comments/y9gvpd/hans_niemanns_chess_set_after_getting_100_million/
r/AnarchyChess,Submissions,yd95a1,t5_2yvry,Hans Cross-examination Preview,,gmqiu,2022-10-25 16:32:11,73,0.93, ,/r/AnarchyChess/comments/yd95a1/hans_crossexamination_preview/
r/AnarchyChess,Submissions,xycpiw,t5_2yvry,Hans-free chess engine,,eoc0x,2022-10-07 22:53:40,86,0.96, ,/r/AnarchyChess/comments/xycpiw/hansfree_chess_engine/
r/AnarchyChess,Submissions,xju5gu,t5_2yvry,"Magnus Carlsen and Hans Niemann playing on a beach in Miami, Aug 2002",,71453,2022-09-21 03:58:08,190,0.99, ,/r/AnarchyChess/comments/xju5gu/magnus_carlsen_and_hans_niemann_playing_on_a/
r/AnarchyChess,Submissions,ybvld5,t5_2yvry,BLOOMBERG: Hans Niemann's $100 Million Chess Lawsuit is a Brilliant Move,,qcuywqao,2022-10-23 23:02:05,16,1.0, ,/r/AnarchyChess/comments/ybvld5/bloomberg_hans_niemanns_100_million_chess_lawsuit/
r/AnarchyChess,Submissions,zm4fao,t5_2yvry,PROOF Hans didn't cheat (REAL),,9bjb4,2022-12-14 22:35:29,4,0.84, ,/r/AnarchyChess/comments/zm4fao/proof_hans_didnt_cheat_real/
r/AnarchyChess,Submissions,xpmjwl,t5_2yvry,Hans is sussy baka,,74uau,2022-09-27 17:10:31,278,0.98, ,/r/AnarchyChess/comments/xpmjwl/hans_is_sussy_baka/
r/AnarchyChess,Submissions,xaieim,t5_2yvry,"A look at Hans Niemann's full results in his last 10 classical tournaments(including the Sinquefield Cup) and performance ratings. In total, he's played 71 games, scoring 48/71(67.6%) against an average opponent rating of 2610, giving the engine he uses a performance rating of 2728 FIDE.",,8gy5z,2022-09-10 06:49:13,134,0.96, ,/r/AnarchyChess/comments/xaieim/a_look_at_hans_niemanns_full_results_in_his_last/
r/AnarchyChess,Submissions,y7b4bp,t5_2yvry,(OF) my one line drawing of Hans Niemann winning against Magnus Carlsen with Black at the Sinquefield Cup,,kyn9kquz,2022-10-18 16:06:21,15,0.87, ,/r/AnarchyChess/comments/y7b4bp/of_my_one_line_drawing_of_hans_niemann_winning/
r/AnarchyChess,Submissions,yi9bik,t5_2yvry,Hans looks so much older here... How many years from now this picture will be taken? Or it's just emotional damage from the trial?,,v1s9e,2022-10-31 11:40:15,24,0.95, ,/r/AnarchyChess/comments/yi9bik/hans_looks_so_much_older_here_how_many_years_from/
r/AnarchyChess,Submissions,yob3tp,t5_2yvry,Found Hans,,4sukznlv,2022-11-07 03:11:15,9,1.0, ,/r/AnarchyChess/comments/yob3tp/found_hans/
r/AnarchyChess,Submissions,x87fj4,t5_2yvry,"I am Franz Niemann, unknown twin brother of Hans, rated 2850, and I play the Sinquefield Cup this year. AMA",,4y0wibvr,2022-09-07 15:03:15,83,1.0, ,/r/AnarchyChess/comments/x87fj4/i_am_franz_niemann_unknown_twin_brother_of_hans/
r/AnarchyChess,Submissions,xqnedt,t5_2yvry,Hans Eggman üòé,,cvk9fm4x,2022-09-28 20:26:15,601,0.99, ,/r/AnarchyChess/comments/xqnedt/hans_eggman/
r/AnarchyChess,Submissions,xqwpi3,t5_2yvry,"Dear Redditors: If you torture Hans long enough, he will confess anything","Dear Redditors,

The dimwits over at r/chess are currently misusing stats and calling for Hans‚Äô head. Even Hikaru has said if Hans doesn‚Äôt give Magnus permission to speak it means he‚Äôs guilty. 

I would like to remind everyone that if you torture someone enough - be it physical or psychological - they will eventually crumble and admit to anything. They‚Äôve already coerced him into saying he‚Äôs cheated in the past, which we all know to be false. 

The torture isn‚Äôt only psychological, it‚Äôs been rumoured to have gotten physical too. DNA analysis has been done on several FIDE official bricks and found Hans‚Äô DNA on them, even though we all know he‚Äôd never decline en passant. A 19 year old can only withstand so much until he caves and makes stuff up to make it go away. We must take a stand against this abuse over at r/chess if we want to protect the integrity of our game!",icrpgeqf,2022-09-29 03:11:24,158,0.98, ,/r/AnarchyChess/comments/xqwpi3/dear_redditors_if_you_torture_hans_long_enough_he/
r/AnarchyChess,Submissions,zhxydl,t5_2yvry,An Epic Story: Magnus vs Hans,"Once upon a time, in a far-off land, there lived a young boy named Magnus Carlsen. Despite his young age, Magnus was incredibly cunning and intelligent, and he possessed a strange power - the ability to control bananas
Magnus's banana powers were unique and incredibly quirky. He could use his powers to make bananas sing and dance, which he would use to distract and confuse his enemies. He could also use his powers to make bananas incredibly soft and squishy, which he would use to cushion his falls and protect himself from harm. But his most bizarre power was the ability to make bananas extremely spicy, which he would use to burn and irritate his enemies' eyes and noses.

At first, Magnus used his powers for good, helping the people of his village by using his banana powers to protect them from harm. But as he grew older, Magnus's powers grew stronger and he began to crave more and more power.
Eventually, Magnus's thirst for power consumed him, and he turned to the dark side, using his banana powers for evil. He would use his powers to manipulate the people of his village, forcing them to do his bidding and carry out his evil plans.
One day, Magnus's reign of terror came to the attention of a great hero, who immediately set out to stop him.

As the hero and Magnus prepared to face off in a final battle, the people of the village held their breath, waiting to see who would emerge victorious. But the outcome of the battle was not yet known...

Hans Niemann was just a normal kid, living a simple life in a small village. He didn't have any extraordinary powers or abilities, and he was content with the way things were.

But one day, everything changed. Hans discovered that he had a unique power - the ability to stretch out his anus incredibly wide. At first, he was unsure of how to use this power, and he kept it a secret from everyone, including his family and friends.

But as Hans grew older, he realized that his power could be used for good. He began to use his power to help the people of his village, using his wide anus to suck up debris and trash that littered the streets, and even to rescue people who were trapped in tight spaces.

With his newfound power, Hans became a hero to the people of his village, and they praised him for his bravery and selflessness.

As the battle between Hans and Magnus raged on, Hans knew that he would need to use his unique power to its full potential in order to defeat Magnus and his quirky banana powers.

Hans focused his energy and began to stretch out his anus to its maximum capacity. As he did so, he felt a powerful suction force building up within him, and he used this force to suck up Magnus's singing and dancing bananas.

Magnus, taken aback by Hans's strange power, was unable to stop him, and his bananas were quickly sucked up into Hans's wide anus.

But Magnus was not deterred. He quickly conjured up a new batch of bananas, this time making them incredibly spicy. He threw them at Hans, hoping to burn and irritate his eyes and nose.

Hans, caught off guard by the spicy bananas, felt a burning sensation in his anus as the spicy bananas entered his body. He gritted his teeth and fought through the pain, determined to defeat Magnus and protect his village.

Despite the searing pain in his anus, Hans continued to use his suction power to suck up the spicy bananas. He used his powerful anus muscles to squeeze the bananas, but the spicy juice only seemed to make the pain worse.

Hans could feel the skin around his anus begin to burn and blister, and he could barely hold on to the bananas as they slipped through his fingers. But still, he refused to give up.

Finally, after what seemed like an eternity, Hans was able to squeeze the last of the spicy bananas into a pulp. The pain in his anus was almost unbearable, but he knew that he had to continue the fight.

Hans used his suction power to pull Magnus towards him, and then he used his powerful anus muscles to trap Magnus inside.
Inside Hans's wide anus, Magnus struggled and writhed in pain as the spicy banana pulp coated his body. The juice burned his skin, and the pulp clogged his nostrils and mouth, making it difficult for him to breathe.
Hans, filled with anger and determination, squeezed his anus muscles even tighter, crushing Magnus and causing him even more pain.
But instead of showing mercy, Hans continued to squeeze, determined to make Magnus suffer for his actions.
Finally, after what seemed like an eternity, Magnus's struggles grew weaker and weaker, until he was finally still.
Hans, victorious, released his grip on Magnus and let his lifeless body fall to the ground.
The people of the village, horrified by the gruesome scene, cheered and celebrated Hans's victory. They hailed him as a hero and praised him for his bravery and determination.
And Hans, the hero with the stretchy anus, was celebrated as a hero and celebrated for his bravery and determination, despite the intense pain and discomfort he had suffered. He had saved his village from Magnus and his quirky banana powers, and he would be remembered as a hero for generations to come.

~~ made by gpt-3",g1f67c6i,2022-12-10 17:21:14,3,0.8, ,/r/AnarchyChess/comments/zhxydl/an_epic_story_magnus_vs_hans/
r/AnarchyChess,Submissions,xa97wo,t5_2yvry,This much hair growth is not possible in such a short time. This goes deeper than beads. Hans is using the hyperbolic time chamber to train,,dxmxtsc3,2022-09-09 23:00:18,118,1.0, ,/r/AnarchyChess/comments/xa97wo/this_much_hair_growth_is_not_possible_in_such_a/
r/AnarchyChess,Submissions,x9ublc,t5_2yvry,Chess.com Public Response to Banning of Hans Niemann,,2doktvx6,2022-09-09 12:32:36,402,0.98, ,/r/AnarchyChess/comments/x9ublc/chesscom_public_response_to_banning_of_hans/
r/AnarchyChess,Submissions,y8u11x,t5_2yvry,This photo of Hans after the game with Samuel Sevian reminded me of something,,hcx58,2022-10-20 10:01:11,135,0.97, ,/r/AnarchyChess/comments/y8u11x/this_photo_of_hans_after_the_game_with_samuel/
r/AnarchyChess,Submissions,yw611l,t5_2yvry,Magnus Carlsen FINALLY Explains What Happened At the Sinquefield Cup with Hans,,na,2022-11-15 18:48:38,11,0.92, ,/r/AnarchyChess/comments/yw611l/magnus_carlsen_finally_explains_what_happened_at/
r/AnarchyChess,Submissions,x9xl5s,t5_2yvry,I have discovered a truly marvelous proof that Hans cheated,"However, Magnus‚Äôs tweet is not large enough to contain it.",7sxsudx,2022-09-09 14:54:13,118,0.96, ,/r/AnarchyChess/comments/x9xl5s/i_have_discovered_a_truly_marvelous_proof_that/
r/AnarchyChess,Submissions,xj1m1p,t5_2yvry,"Magnus' girlfriend, Elisabet Lorentzen Dj√∏nne, should fuck Hans","It is clear Magnus is going through a mental breakdown. He is unstable. He's a pussy, he's a bitch. He might even be gay. 

He has no evidence that Hans did anything wrong. Yet, he is completely throwing his career away. Nobody will ever trust Magnus again. His career will fail, his businesses will crumble. 

Elisabet is a beautiful girl. She should cut her losses now before it's too late! Magnus is unstable, he won't be able to raise a family. He would probably end up abusing their kids anyway. 

Elisabet should fuck Hans instead. He is alpha, better chess player. Better businessman. Hans is the GOAT, and the future of chess. Thoughts?",na,2022-09-20 06:55:34,21,0.68, ,/r/AnarchyChess/comments/xj1m1p/magnus_girlfriend_elisabet_lorentzen_dj√∏nne/
r/AnarchyChess,Submissions,xl3tld,t5_2yvry,r/chess during Magnus-Hans drama analyzing every single word anyone said ever,,3answjxm,2022-09-22 15:02:12,121,0.99, ,/r/AnarchyChess/comments/xl3tld/rchess_during_magnushans_drama_analyzing_every/
r/AnarchyChess,Submissions,xjqgpv,t5_2yvry,Hans Niemann cheating OTB,,dxmxtsc3,2022-09-21 01:10:07,27,0.95, ,/r/AnarchyChess/comments/xjqgpv/hans_niemann_cheating_otb/
r/AnarchyChess,Submissions,z12dk6,t5_2yvry,How is Hans Niemann‚Äôs name pronounced?,Is it like Hans or Hans? Pawns Niemann???,7sdojk8i,2022-11-21 15:54:39,2,1.0, ,/r/AnarchyChess/comments/z12dk6/how_is_hans_niemanns_name_pronounced/
r/AnarchyChess,Submissions,y54t6c,t5_2yvry,"Hans ""World Champion Gigachad"" Niemann winning a US championship match through forced en passant",,jggxq9lo,2022-10-16 02:00:37,101,0.97, ,/r/AnarchyChess/comments/y54t6c/hans_world_champion_gigachad_niemann_winning_a_us/
r/AnarchyChess,Submissions,y8jxcp,t5_2yvry,How Hans Cheated: The Bucket Glitch,,pjmphcvi,2022-10-20 01:04:29,31,0.94, ,/r/AnarchyChess/comments/y8jxcp/how_hans_cheated_the_bucket_glitch/
r/AnarchyChess,Submissions,y9gfym,t5_2yvry,New Hans theory stopped,,pw5f6jil,2022-10-21 01:48:28,286,1.0, ,/r/AnarchyChess/comments/y9gfym/new_hans_theory_stopped/
r/AnarchyChess,Submissions,y0fvrd,t5_2yvry,OnlyHans LIVE,,gdum0m59,2022-10-10 14:15:16,66,1.0, ,/r/AnarchyChess/comments/y0fvrd/onlyhans_live/
r/AnarchyChess,Submissions,xwnsyz,t5_2yvry,Video of Hans Neimann being arrested for cheating in the US Chess Championship,,ggk4f,2022-10-05 22:04:21,35,0.95, ,/r/AnarchyChess/comments/xwnsyz/video_of_hans_neimann_being_arrested_for_cheating/
r/AnarchyChess,Submissions,x92glz,t5_2yvry,BREAKING NEWS: MAGNUS CARLSEN RELEASES STATEMENT ON HANS SITUATION,,8ciw72n8,2022-09-08 14:49:42,143,0.95, ,/r/AnarchyChess/comments/x92glz/breaking_news_magnus_carlsen_releases_statement/
r/AnarchyChess,Submissions,xi5vwz,t5_2yvry,Han Sneeman,,c6zd50xq,2022-09-19 08:18:08,2894,0.99, ,/r/AnarchyChess/comments/xi5vwz/han_sneeman/
r/AnarchyChess,Submissions,yad55u,t5_2yvry,"I am Hans Niemann, AMA",,fopq8zgj,2022-10-22 03:42:11,6,0.8, ,/r/AnarchyChess/comments/yad55u/i_am_hans_niemann_ama/
r/AnarchyChess,Submissions,yb37l5,t5_2yvry,I am not the man who is not hans Neimann. AMA,,g9twdc39,2022-10-23 00:29:01,6,0.75, ,/r/AnarchyChess/comments/yb37l5/i_am_not_the_man_who_is_not_hans_neimann_ama/
r/AnarchyChess,Submissions,xrb489,t5_2yvry,Who is Hans Niemann?,,7yi1k13l,2022-09-29 15:43:11,81,0.92, ,/r/AnarchyChess/comments/xrb489/who_is_hans_niemann/
r/AnarchyChess,Submissions,xy7i97,t5_2yvry,OMG I work at Taco Bell and this is how Hans left his tacos,,kkfqu,2022-10-07 19:11:33,80,0.95, ,/r/AnarchyChess/comments/xy7i97/omg_i_work_at_taco_bell_and_this_is_how_hans_left/
r/AnarchyChess,Submissions,xjy08j,t5_2yvry,Petition to name the Hans-Magnus scandals for analgate and resingate,"So I just learned about [toiletgate](https://en.wiktionary.org/wiki/Toiletgate), and realized that all proper scandals need a name that ends in gate. Is it even a scandal before it gets named? 

Analgate= Sinquefield cup events. Resingate = Julius baer cup events. 

Analgate should be self explanatory. Resingate may sound like it has something to do with resin, but it's a clever word play on resignate (very clever if I may say so myself).",92zpzq9x,2022-09-21 07:23:43,45,0.93, ,/r/AnarchyChess/comments/xjy08j/petition_to_name_the_hansmagnus_scandals_for/
r/AnarchyChess,Submissions,xqlvdk,t5_2yvry,What if Hans Niemann is the modern day version of the bad kid from Searching for Bobby Fischer?,,t8tpa,2022-09-28 19:26:57,19,0.95, ,/r/AnarchyChess/comments/xqlvdk/what_if_hans_niemann_is_the_modern_day_version_of/
r/AnarchyChess,Submissions,xyqtw8,t5_2yvry,"Hans Nieman ""thinking"" of his next move against Magnus Carlsen",,p0x2k08i,2022-10-08 11:50:36,45,0.9, ,/r/AnarchyChess/comments/xyqtw8/hans_nieman_thinking_of_his_next_move_against/
r/AnarchyChess,Submissions,xqyr7p,t5_2yvry,Hans cheating revealed,,elmh5c,2022-09-29 04:57:07,59,0.92, ,/r/AnarchyChess/comments/xqyr7p/hans_cheating_revealed/
r/AnarchyChess,Submissions,yzzw3v,t5_2yvry,Swedish sports news are reporting on the anal bead theory regarding Hans Niemann.,,i4ype,2022-11-20 09:28:39,3,0.8, ,/r/AnarchyChess/comments/yzzw3v/swedish_sports_news_are_reporting_on_the_anal/
r/AnarchyChess,Submissions,xs8lc7,t5_2yvry,Hans comes clean,,cvk9fm4x,2022-09-30 18:25:28,112,0.95, ,/r/AnarchyChess/comments/xs8lc7/hans_comes_clean/
r/AnarchyChess,Submissions,yqxr54,t5_2yvry,Hans Niemann reference in Paths of Glory?!?!,,3ayxtwwp,2022-11-09 22:35:00,28,0.93, ,/r/AnarchyChess/comments/yqxr54/hans_niemann_reference_in_paths_of_glory/
r/AnarchyChess,Submissions,z4qnev,t5_2yvry,If Hans shared his Beads w Magnus...,,h837q2ly,2022-11-25 22:46:18,0,0.43, ,/r/AnarchyChess/comments/z4qnev/if_hans_shared_his_beads_w_magnus/
r/AnarchyChess,Submissions,wq3s7j,t5_2yvry,Based Hans Moke Niemann,,7e77vgs4,2022-08-16 19:51:59,134,0.97, ,/r/AnarchyChess/comments/wq3s7j/based_hans_moke_niemann/
r/AnarchyChess,Submissions,y7dyz7,t5_2yvry,Magnus rocking the Hans hairstyle.,,na,2022-10-18 17:56:17,53,0.98, ,/r/AnarchyChess/comments/y7dyz7/magnus_rocking_the_hans_hairstyle/
r/AnarchyChess,Submissions,y6ug7a,t5_2yvry,The moment when Magnus Carlsen suspected Hans Niemann,,k6lm5te,2022-10-18 02:38:40,22,0.96, ,/r/AnarchyChess/comments/y6ug7a/the_moment_when_magnus_carlsen_suspected_hans/
r/AnarchyChess,Submissions,x86txn,t5_2yvry,Hans says in interview that confessing to cheating was the biggest mistake of his life,,h3uawcdp,2022-09-07 14:38:43,122,0.95, ,/r/AnarchyChess/comments/x86txn/hans_says_in_interview_that_confessing_to/
r/AnarchyChess,Submissions,xdi0s4,t5_2yvry,How Hans cheated. Pink champagne on ice which he tricked his opponent into drinking in order to impair his abilities.,,zkofi,2022-09-13 20:41:16,74,0.97, ,/r/AnarchyChess/comments/xdi0s4/how_hans_cheated_pink_champagne_on_ice_which_he/
r/AnarchyChess,Submissions,xjgtb8,t5_2yvry,"Hans ""beads"" Niemann vs Magnos Carlos - White to play and win!",,jsswmbc4,2022-09-20 18:40:42,26,0.85, ,/r/AnarchyChess/comments/xjgtb8/hans_beads_niemann_vs_magnos_carlos_white_to_play/
r/AnarchyChess,Submissions,yboz6q,t5_2yvry,Why is no one talking about that hans might used this mf?,"&#x200B;

https://preview.redd.it/gggio339llv91.png?width=564&format=png&auto=webp&v=enabled&s=98124edb2680db2ed90a6042ec56d32c65279f6a",7yfht5f1,2022-10-23 18:22:29,4,0.83, ,/r/AnarchyChess/comments/yboz6q/why_is_no_one_talking_about_that_hans_might_used/
r/AnarchyChess,Submissions,xij60t,t5_2yvry,Magnus Carlsen resigns after two moves against Hans Niemann in the Julius Baer Generation Cup,,j5xj1,2022-09-19 17:39:48,115,0.98, ,/r/AnarchyChess/comments/xij60t/magnus_carlsen_resigns_after_two_moves_against/
r/AnarchyChess,Submissions,yj9xmb,t5_2yvry,the drama is finally over. they found one of Hans' bead.,,3ktztpmn,2022-11-01 14:19:29,13,1.0, ,/r/AnarchyChess/comments/yj9xmb/the_drama_is_finally_over_they_found_one_of_hans/
r/AnarchyChess,Submissions,z25dko,t5_2yvry,so that's how Hans cheated,,e8glnnzz,2022-11-22 21:19:33,10,1.0, ,/r/AnarchyChess/comments/z25dko/so_thats_how_hans_cheated/
r/AnarchyChess,Submissions,y5echj,t5_2yvry,It‚Äôs very clear Hans does not use anal beads. Everyone knows the strongest orgasm a man can get is from a prostate massage so using this method Hans wouldn‚Äôt be able to contain himself and he would be in a much better mood if he was cumming all game.,,go0qq,2022-10-16 11:16:41,20,0.95, ,/r/AnarchyChess/comments/y5echj/its_very_clear_hans_does_not_use_anal_beads/
r/AnarchyChess,Submissions,xpswx9,t5_2yvry,The only one who can stop Hans,,8ciw72n8,2022-09-27 21:14:52,43,0.99, ,/r/AnarchyChess/comments/xpswx9/the_only_one_who_can_stop_hans/
r/AnarchyChess,Submissions,xav40i,t5_2yvry,"2072 World Chess Champion, Hans Niemann",,4lizpr1v,2022-09-10 17:35:07,195,0.98, ,/r/AnarchyChess/comments/xav40i/2072_world_chess_champion_hans_niemann/
r/AnarchyChess,Submissions,xufmcp,t5_2yvry,Hans niemann's childhood leaked!!!,,5cu04ppx,2022-10-03 10:27:24,131,0.95, ,/r/AnarchyChess/comments/xufmcp/hans_niemanns_childhood_leaked/
r/AnarchyChess,Submissions,xvqd5f,t5_2yvry,Magnus accuses Hans of CHICANERY!,,16337u,2022-10-04 20:52:43,39,0.92, ,/r/AnarchyChess/comments/xvqd5f/magnus_accuses_hans_of_chicanery/
r/AnarchyChess,Submissions,xgmozi,t5_2yvry,I just found Hans Niemann's google search history. Case closed.,,hf424,2022-09-17 13:35:33,151,0.96, ,/r/AnarchyChess/comments/xgmozi/i_just_found_hans_niemanns_google_search_history/
r/AnarchyChess,Submissions,x7hlqp,t5_2yvry,What if Hans isn't even a real super GM,Maybe he's just two 1350's under a trench coat,r3x0z,2022-09-06 18:14:35,73,0.97, ,/r/AnarchyChess/comments/x7hlqp/what_if_hans_isnt_even_a_real_super_gm/
r/AnarchyChess,Submissions,xq5ngh,t5_2yvry,German WGM Belenkaya accuses Hans of cheating,"Obviously a joke. She said he was cheating because he used her long move times to calculate his moves.

Personally I still want to see evidence he cheated. Some correlations to engines is not proof.",gxeeq,2022-09-28 07:08:33,25,0.84, ,/r/AnarchyChess/comments/xq5ngh/german_wgm_belenkaya_accuses_hans_of_cheating/
r/AnarchyChess,Submissions,ysw0au,t5_2yvry,Can‚Äôt believe Hans Neimann scammed us all out of billions. We trusted him.,,8xx9w4sd,2022-11-12 04:04:51,14,0.89, ,/r/AnarchyChess/comments/ysw0au/cant_believe_hans_neimann_scammed_us_all_out_of/
r/AnarchyChess,Submissions,x7crii,t5_2yvry,Did Hans Niemann cheat? An ANALysis,"Now we all know that based on the Sinquefield Cup's strict anti cheating measures, we can logically deduce that the only way he could have possibly cheated was using anal beads.

Moves could easily be signalled by clenching his butt in morse code.

However, there is some problems with this hypothesis.

**Issue 1: The metal detector**

[In this clip] (https://www.youtube.com/watch?v=PIulWkTHuu0) we see Niemann entire body scanned by a metal detector. Would this not pick up the anal beads?

It likely would. However, it make me possible that Niemann got butt implants to give him cake, and also the silicon would stop any metal detection signals from picking up the butt device.

**Issue 2: Battery life**

I've done some extensive research on remote controlled butt plugs, and most seem to have a maximum of 1 hours of battery life.

These, however, are for pleasure and would require more energy to send a message. Or maybe Niemann is just into that.

It would seem that Niemann would need some non-commercially made, bespoke anal beads, that use less power by vibrating less.

**Issue 3: Cooling**

The first question is, is the anal bead receiving messages for the next move from the outside, or does it have stockfish installed on it directly?

As we covered earlier, to cheat Niemann must have got silicone butt implants, which would stop the beads from receiving any messages from the outside. So Niemann worked alone.

Now, with stockfish installed and running on a computer inside the beads, wouldn't they get far too hot? The only explanation is that prior to the game Niemann consumed several cans of beans so he could fart for cooling.

So now the question is: did anyone see Niemann eating beans?

**Conclusion:**

Niemann may have cheated, but it's only possible if he got butt implants, commissioned bespoke anal beads, and ate an excessive amount of beans before the match. FIDE should follow through accordingly and find out what Niemann had for breakfast.",5rukt,2022-09-06 14:59:45,76,1.0, ,/r/AnarchyChess/comments/x7crii/did_hans_niemann_cheat_an_analysis/
r/AnarchyChess,Submissions,xwmluu,t5_2yvry,Hans didn't cheat. He was detected by Chess.com watching pornography and is keeping silent to make people think he cheated instead.,"all the magnuts latest wild theories about cheating hinge on the so called 'toggling' detected. Well who hasn't 'toggled' to a new tab in the middle of something boring like a chess match to something more entertaining? Like blonde big breasted bodacious babes? Obviously a world class player capable of beating the world champion in two moves is not going to have much of a interesting challenge from anyone and will have to divert his attention elsewhere. The magnuts claim his playing got better after the toggling, well who hasn't experienced the rush of energy in the middle of a good fap or the post coital rush? Maybe he was even jiving to the rhythm of the anal beads? They claim he's done it hundreds of times, don't they know the addictiveness of online boobs? Come on, the dude's been living out of a suitcase for years, a man's got needs are we going to hold getting a little online titillation against him? He's obviously insecure and embarrassed about his porn habit and has been so silent because he wants to mislead people into thinking he's cheated instead. It all fits",oszvvyq,2022-10-05 21:16:06,27,0.92, ,/r/AnarchyChess/comments/xwmluu/hans_didnt_cheat_he_was_detected_by_chesscom/
r/AnarchyChess,Submissions,yajkc1,t5_2yvry,Dr Evil Hans,,cfxwvr6l,2022-10-22 09:53:41,131,0.99, ,/r/AnarchyChess/comments/yajkc1/dr_evil_hans/
r/AnarchyChess,Submissions,x91gli,t5_2yvry,[Non-Anarchy-Submission] So I think I know how they can prove whether or not Hans cheated.,"Edit: imagine not understanding intuitively that this is satire.

This is a non-anarchy submission. It's a serious post, I know it's not the right subreddit but people over at /r/chess aren't really so open to serious discussion sometimes if it goes against their narrative. If this submission isn't welcome here then I apologize.

I think that if they wanted to ascertain whether or not Hans cheated, they need to redo the game but under different circumstances.

The players need to play again in a closed room with only one trusted arbiter, and both players need to be thoroughly searched. 

Most importantly, though, **they need to play the same game again**. They need to agree that from the start they are playing the same game, the same opening sequence. This way, the world can know for sure whether Hans can win against Magnus during that opening with definitely no cheating. If the game is the same with the exact same move order until the end, then we know that Hans did not cheat in the original game. However, if he loses or draws, well, I think that's proof enough that at the very least, something was not right in the original game.

Seems like a pretty fair way to determine, no? Thoughts?",8o2ml,2022-09-08 14:07:57,6,0.67, ,/r/AnarchyChess/comments/x91gli/nonanarchysubmission_so_i_think_i_know_how_they/
r/AnarchyChess,Submissions,xrquy8,t5_2yvry,The Magnus/Hans Situation is Playing Out in Poker Right Now,,icrpgeqf,2022-09-30 03:18:07,52,0.97, ,/r/AnarchyChess/comments/xrquy8/the_magnushans_situation_is_playing_out_in_poker/
r/AnarchyChess,Submissions,y8hofn,t5_2yvry,Hans Niemann chess cheating scandal solved! Play-by-play reenactment!,,ddeuh,2022-10-19 23:22:03,4,0.67, ,/r/AnarchyChess/comments/y8hofn/hans_niemann_chess_cheating_scandal_solved/
r/AnarchyChess,Submissions,xpk1lq,t5_2yvry,Nice try Hans,,agaarpkf,2022-09-27 15:35:09,59,0.97, ,/r/AnarchyChess/comments/xpk1lq/nice_try_hans/
r/AnarchyChess,Submissions,xxhibs,t5_2yvry,The Hans Nie‚Äùmann‚Äù Conspiracy,,7bu4dkif,2022-10-06 21:55:35,93,0.99, ,/r/AnarchyChess/comments/xxhibs/the_hans_niemann_conspiracy/
r/AnarchyChess,Submissions,xach4f,t5_2yvry,Unpopular Opinion: Hans Cheating Over the Board Would Only Make Him Cooler,"Can you imagine the fucking mission impossible level setup Hans would have needed to cheat? He has to get through security and is not only under constant supervision by anti-cheating personel: but he is also being recorded and livestreamed to the entire internet.

It would honestly take a huge innovation in the field of competitive cheating for Hans to pull this off - and I would gain so much more respect for him if he did.",e8n1cgnt,2022-09-10 01:32:32,89,0.93, ,/r/AnarchyChess/comments/xach4f/unpopular_opinion_hans_cheating_over_the_board/
r/AnarchyChess,Submissions,xvr19a,t5_2yvry,An actual photo of hans getting ready for his mcdonalds job interview tomorrow morning,,13ggxe,2022-10-04 21:19:10,11,0.76, ,/r/AnarchyChess/comments/xvr19a/an_actual_photo_of_hans_getting_ready_for_his/
r/AnarchyChess,Submissions,yacsd7,t5_2yvry,"Hans Niemann sued Sam Sevian for $100M for decapitating his king. ""My king would speak for himself, had he not been decapitated by Sevian,"" the young prodigy said.",,2tazkr10,2022-10-22 03:23:44,27,1.0, ,/r/AnarchyChess/comments/yacsd7/hans_niemann_sued_sam_sevian_for_100m_for/
r/AnarchyChess,Submissions,ya11md,t5_2yvry,"Breaking: Hans Niemann names Nelson of Chess.com in $100M lawsuit, source says",,92lkh6ak,2022-10-21 18:35:01,79,0.98, ,/r/AnarchyChess/comments/ya11md/breaking_hans_niemann_names_nelson_of_chesscom_in/
r/AnarchyChess,Submissions,ygol7i,t5_2yvry,The feud is over! Magnus shows his friendship with Hans by dressing as him for Halloween!,,5so4z,2022-10-29 16:50:44,42,1.0, ,/r/AnarchyChess/comments/ygol7i/the_feud_is_over_magnus_shows_his_friendship_with/
r/AnarchyChess,Submissions,xikh8g,t5_2yvry,"Magnus is being ridiculous. No way Hans is cheating, he blundered out of the opening!",,15x0x4,2022-09-19 18:28:48,68,1.0, ,/r/AnarchyChess/comments/xikh8g/magnus_is_being_ridiculous_no_way_hans_is/
r/AnarchyChess,Submissions,xij40h,t5_2yvry,Magnus Carlsen resigns after two moves against Hans Niemann in the Julius Baer Generation Cup,,vjkoo,2022-09-19 17:37:47,79,0.96, ,/r/AnarchyChess/comments/xij40h/magnus_carlsen_resigns_after_two_moves_against/
r/AnarchyChess,Submissions,y7nmg5,t5_2yvry,The disrespect just reached its peak. Sam decapitated Hans' king,,6l45tfvy,2022-10-19 00:23:40,25,1.0, ,/r/AnarchyChess/comments/y7nmg5/the_disrespect_just_reached_its_peak_sam/
r/AnarchyChess,Submissions,xz8a1m,t5_2yvry,Is this proof that Hans is innocent after all?,,97hvfcz1,2022-10-09 00:45:08,5,0.78, ,/r/AnarchyChess/comments/xz8a1m/is_this_proof_that_hans_is_innocent_after_all/
r/AnarchyChess,Submissions,ydr5e5,t5_2yvry,The Beads. A Hans Niemann Original Movie.,,62bxu3cq,2022-10-26 06:43:38,13,0.93, ,/r/AnarchyChess/comments/ydr5e5/the_beads_a_hans_niemann_original_movie/
r/AnarchyChess,Submissions,yoaj5r,t5_2yvry,Hans?,,7qtc0pb8,2022-11-07 02:43:20,17,0.83, ,/r/AnarchyChess/comments/yoaj5r/hans/
r/AnarchyChess,Submissions,xmlhly,t5_2yvry,I finally figured out how Hans cheated,"So to win, he had to find a way to use engines mid game. What about this: he plays and studies the engines for years, memorizing all the major lines, until he basically has an engine in his head. 

And when it came down to play Magnus, he just activated hos brain engine and could see the evaluations of the game.  All while completely getting past the metal detectors and security. 

Truly a sly genius",afqqa18v,2022-09-24 06:48:58,88,0.98, ,/r/AnarchyChess/comments/xmlhly/i_finally_figured_out_how_hans_cheated/
r/AnarchyChess,Submissions,yd4m2f,t5_2yvry,Hans niemann opening,,na,2022-10-25 13:17:28,14,0.94, ,/r/AnarchyChess/comments/yd4m2f/hans_niemann_opening/
r/AnarchyChess,Submissions,yw7u3q,t5_2yvry,Is this Hans Niemann's car?,,48m4zkag,2022-11-15 19:59:10,6,0.88, ,/r/AnarchyChess/comments/yw7u3q/is_this_hans_niemanns_car/
r/AnarchyChess,Submissions,x7dcbd,t5_2yvry,How Hans Niemann cheated,,4ryzamok,2022-09-06 15:23:10,183,1.0, ,/r/AnarchyChess/comments/x7dcbd/how_hans_niemann_cheated/
r/AnarchyChess,Submissions,xwgmb0,t5_2yvry,Hans Niemann == Alex Jones Confirmed?,,edij3asf,2022-10-05 17:22:18,258,0.98, ,/r/AnarchyChess/comments/xwgmb0/hans_niemann_alex_jones_confirmed/
r/AnarchyChess,Submissions,xbl4ik,t5_2yvry,I'm the guy who tops Hans on Grindr. AMA.,Only butplug he was wearing was stretching him out for me.,2nrtjmcj,2022-09-11 15:15:16,32,0.88, ,/r/AnarchyChess/comments/xbl4ik/im_the_guy_who_tops_hans_on_grindr_ama/
r/AnarchyChess,Submissions,x6qv1u,t5_2yvry,The Hans of Satan (never out of prep),,9qimjcs2,2022-09-05 20:47:17,27,0.92, ,/r/AnarchyChess/comments/x6qv1u/the_hans_of_satan_never_out_of_prep/
r/AnarchyChess,Submissions,ys587f,t5_2yvry,How Hans actually beat Magnus,,iszrs,2022-11-11 08:45:38,13,0.93, ,/r/AnarchyChess/comments/ys587f/how_hans_actually_beat_magnus/
r/AnarchyChess,Submissions,xaw9ii,t5_2yvry,I'm the ex-boyfriend of Hans Niemann and I caught him cheating on me. AMA.,,gi690yny,2022-09-10 18:22:41,26,0.93, ,/r/AnarchyChess/comments/xaw9ii/im_the_exboyfriend_of_hans_niemann_and_i_caught/
r/AnarchyChess,Submissions,x6ud19,t5_2yvry,The reply I get for telling not to accuse Hans of cheating without proof...,"Guys ???!!!!

https://preview.redd.it/39zhoki9h4m91.png?width=725&format=png&auto=webp&v=enabled&s=9e0682d609a7dbaed61e6ff3fb1deb14f09a6f9c",mpfhaq3b,2022-09-05 23:13:49,30,0.97, ,/r/AnarchyChess/comments/x6ud19/the_reply_i_get_for_telling_not_to_accuse_hans_of/
